{
    "evaluation_date": "2025-11-05 15:36:01",
    "model_path": "models/best_model_20251103_225237.h5",
    "test_samples": 1503,
    "metrics": {
        "accuracy": 0.8888888888888888,
        "precision": 0.5,
        "recall": 0.16766467065868262,
        "f1_score": 0.25112107623318386,
        "specificity": 0.9790419161676647,
        "roc_auc": 0.8432805048585464,
        "pr_auc": 0.3808514723151235
    },
    "confusion_matrix": {
        "true_negative": 1308,
        "false_positive": 28,
        "false_negative": 139,
        "true_positive": 28
    },
    "class_distribution": {
        "benign_samples": 1336,
        "melanoma_samples": 167
    }
}